当地时间 香港(机场),T
18.09.2025 15:00,31.0
18.09.2025 14:49,31.0
18.09.2025 14:30,30.0
18.09.2025 14:00,32.0
18.09.2025 13:30,32.0
18.09.2025 13:00,32.0
18.09.2025 12:30,32.0
18.09.2025 12:00,32.0
18.09.2025 11:30,33.0
18.09.2025 11:00,32.0
18.09.2025 10:30,32.0
18.09.2025 10:00,31.0
18.09.2025 09:30,32.0
18.09.2025 09:00,31.0
18.09.2025 08:30,31.0
18.09.2025 08:00,30.0
18.09.2025 07:30,30.0
18.09.2025 07:00,29.0
18.09.2025 06:30,29.0
18.09.2025 06:00,29.0
18.09.2025 05:30,29.0
18.09.2025 05:00,29.0
18.09.2025 04:30,29.0
18.09.2025 04:00,30.0
18.09.2025 03:30,30.0
18.09.2025 03:00,30.0
18.09.2025 02:30,30.0
18.09.2025 02:00,30.0
18.09.2025 01:30,30.0
18.09.2025 01:00,30.0
18.09.2025 00:30,30.0
18.09.2025 00:00,30.0
17.09.2025 23:30,31.0
17.09.2025 23:00,30.0
17.09.2025 22:30,30.0
17.09.2025 22:00,30.0
17.09.2025 21:30,30.0
17.09.2025 21:00,30.0
17.09.2025 20:30,31.0
17.09.2025 20:00,30.0
17.09.2025 19:30,31.0
17.09.2025 19:00,31.0
17.09.2025 18:30,31.0
17.09.2025 18:00,31.0
17.09.2025 17:30,31.0
17.09.2025 17:00,32.0
17.09.2025 16:30,32.0
17.09.2025 16:00,32.0
17.09.2025 15:30,32.0
17.09.2025 15:00,33.0
17.09.2025 14:30,35.0
17.09.2025 14:00,34.0
17.09.2025 13:30,34.0
17.09.2025 13:00,34.0
17.09.2025 12:30,34.0
17.09.2025 12:00,34.0
17.09.2025 11:30,33.0
17.09.2025 11:00,32.0
17.09.2025 10:30,32.0
17.09.2025 10:00,32.0
17.09.2025 09:30,32.0
17.09.2025 09:00,31.0
17.09.2025 08:30,30.0
17.09.2025 08:00,30.0
17.09.2025 07:30,28.0
17.09.2025 07:00,27.0
17.09.2025 06:45,27.0
17.09.2025 06:41,27.0
17.09.2025 06:30,29.0
17.09.2025 06:00,29.0
17.09.2025 05:30,29.0
17.09.2025 05:00,28.0
17.09.2025 04:30,29.0
17.09.2025 04:00,29.0
17.09.2025 03:30,29.0
17.09.2025 03:00,29.0
17.09.2025 02:30,29.0
17.09.2025 02:00,29.0
17.09.2025 01:30,30.0
17.09.2025 01:00,30.0
17.09.2025 00:30,30.0
17.09.2025 00:00,30.0
16.09.2025 23:30,30.0
16.09.2025 23:00,30.0
16.09.2025 22:30,30.0
16.09.2025 22:00,30.0
16.09.2025 21:30,30.0
16.09.2025 21:00,30.0
16.09.2025 20:30,31.0
16.09.2025 20:00,31.0
16.09.2025 19:30,31.0
16.09.2025 19:00,31.0
16.09.2025 18:30,31.0
16.09.2025 18:00,32.0
16.09.2025 17:30,32.0
16.09.2025 17:00,32.0
16.09.2025 16:30,32.0
16.09.2025 16:00,32.0
16.09.2025 15:30,33.0
16.09.2025 15:00,33.0
16.09.2025 14:30,33.0
16.09.2025 14:00,33.0
16.09.2025 13:30,33.0
16.09.2025 13:00,33.0
16.09.2025 12:30,33.0
16.09.2025 12:00,32.0
16.09.2025 11:30,32.0
16.09.2025 11:00,33.0
16.09.2025 10:30,32.0
16.09.2025 10:00,32.0
16.09.2025 09:30,31.0
16.09.2025 09:00,31.0
16.09.2025 08:30,30.0
16.09.2025 08:00,30.0
16.09.2025 07:30,30.0
16.09.2025 07:00,30.0
16.09.2025 06:30,29.0
16.09.2025 06:00,29.0
16.09.2025 05:30,29.0
16.09.2025 05:00,30.0
16.09.2025 04:30,30.0
16.09.2025 04:00,30.0
16.09.2025 03:30,30.0
16.09.2025 03:00,29.0
16.09.2025 02:30,30.0
16.09.2025 02:00,30.0
16.09.2025 01:30,30.0
16.09.2025 01:00,30.0
16.09.2025 00:30,30.0
16.09.2025 00:00,30.0
15.09.2025 23:30,30.0
15.09.2025 23:00,29.0
15.09.2025 22:30,29.0
15.09.2025 22:00,29.0
15.09.2025 21:30,30.0
15.09.2025 21:00,30.0
15.09.2025 20:30,30.0
15.09.2025 20:00,30.0
15.09.2025 19:30,30.0
15.09.2025 19:00,30.0
15.09.2025 18:30,31.0
15.09.2025 18:00,31.0
15.09.2025 17:30,31.0
15.09.2025 17:00,32.0
15.09.2025 16:39,33.0
15.09.2025 16:30,33.0
15.09.2025 16:00,32.0
15.09.2025 15:30,32.0
15.09.2025 15:00,30.0
15.09.2025 14:30,29.0
15.09.2025 14:12,29.0
15.09.2025 14:09,29.0
15.09.2025 14:04,30.0
15.09.2025 14:00,31.0
15.09.2025 13:30,31.0
15.09.2025 13:21,31.0
15.09.2025 13:00,31.0
15.09.2025 12:30,32.0
15.09.2025 12:00,30.0
15.09.2025 11:30,31.0
15.09.2025 11:00,31.0
15.09.2025 10:30,31.0
15.09.2025 10:00,31.0
15.09.2025 09:30,31.0
15.09.2025 09:00,30.0
15.09.2025 08:30,29.0
15.09.2025 08:00,29.0
15.09.2025 07:30,28.0
15.09.2025 07:00,28.0
15.09.2025 06:30,28.0
15.09.2025 06:00,28.0
15.09.2025 05:30,28.0
15.09.2025 05:00,28.0
15.09.2025 04:30,28.0
15.09.2025 04:00,28.0
15.09.2025 03:30,28.0
15.09.2025 03:00,28.0
15.09.2025 02:30,28.0
15.09.2025 02:00,28.0
15.09.2025 01:30,28.0
15.09.2025 01:00,29.0
15.09.2025 00:30,29.0
15.09.2025 00:00,29.0
14.09.2025 23:30,28.0
14.09.2025 23:00,28.0
14.09.2025 22:30,29.0
14.09.2025 22:00,29.0
14.09.2025 21:30,29.0
14.09.2025 21:00,29.0
14.09.2025 20:30,30.0
14.09.2025 20:00,30.0
14.09.2025 19:30,29.0
14.09.2025 19:00,29.0
14.09.2025 18:30,30.0
14.09.2025 18:00,30.0
14.09.2025 17:30,31.0
14.09.2025 17:00,31.0
14.09.2025 16:30,32.0
14.09.2025 16:00,32.0
14.09.2025 15:30,33.0
14.09.2025 15:00,33.0
14.09.2025 14:30,33.0
14.09.2025 14:00,33.0
14.09.2025 13:30,32.0
14.09.2025 13:00,32.0
14.09.2025 12:30,32.0
14.09.2025 12:00,32.0
14.09.2025 11:30,31.0
14.09.2025 11:00,32.0
14.09.2025 10:30,32.0
14.09.2025 10:00,31.0
14.09.2025 09:30,31.0
14.09.2025 09:00,30.0
14.09.2025 08:30,30.0
14.09.2025 08:00,30.0
14.09.2025 07:30,29.0
14.09.2025 07:00,28.0
14.09.2025 06:30,27.0
14.09.2025 06:00,27.0
14.09.2025 05:30,27.0
14.09.2025 05:00,28.0
14.09.2025 04:30,27.0
14.09.2025 04:00,27.0
14.09.2025 03:30,28.0
14.09.2025 03:00,28.0
14.09.2025 02:30,28.0
14.09.2025 02:00,28.0
14.09.2025 01:30,29.0
14.09.2025 01:00,28.0
14.09.2025 00:30,28.0
14.09.2025 00:00,29.0
13.09.2025 23:30,29.0
13.09.2025 23:00,29.0
13.09.2025 22:30,29.0
13.09.2025 22:00,29.0
13.09.2025 21:30,29.0
13.09.2025 21:00,29.0
13.09.2025 20:30,29.0
13.09.2025 20:00,29.0
13.09.2025 19:30,30.0
13.09.2025 19:00,30.0
13.09.2025 18:30,30.0
13.09.2025 18:00,30.0
13.09.2025 17:30,31.0
13.09.2025 17:00,31.0
13.09.2025 16:30,32.0
13.09.2025 16:24,32.0
13.09.2025 16:00,33.0
13.09.2025 15:30,33.0
13.09.2025 15:00,33.0
13.09.2025 14:30,32.0
13.09.2025 14:00,32.0
13.09.2025 13:30,32.0
13.09.2025 13:00,32.0
13.09.2025 12:30,32.0
13.09.2025 12:00,31.0
13.09.2025 11:30,32.0
13.09.2025 11:00,33.0
13.09.2025 10:30,32.0
13.09.2025 10:00,32.0
13.09.2025 09:30,31.0
13.09.2025 09:00,30.0
13.09.2025 08:30,30.0
13.09.2025 08:00,29.0
13.09.2025 07:30,29.0
13.09.2025 07:00,28.0
13.09.2025 06:30,28.0
13.09.2025 06:00,28.0
13.09.2025 05:30,28.0
13.09.2025 05:00,28.0
13.09.2025 04:30,28.0
13.09.2025 04:00,28.0
13.09.2025 03:30,28.0
13.09.2025 03:00,28.0
13.09.2025 02:30,28.0
13.09.2025 02:00,29.0
13.09.2025 01:30,29.0
13.09.2025 01:00,29.0
13.09.2025 00:30,29.0
13.09.2025 00:00,29.0
12.09.2025 23:30,29.0
12.09.2025 23:00,29.0
12.09.2025 22:30,30.0
12.09.2025 22:00,29.0
12.09.2025 21:30,29.0
12.09.2025 21:00,30.0
12.09.2025 20:30,30.0
12.09.2025 20:00,30.0
12.09.2025 19:30,30.0
12.09.2025 19:00,30.0
12.09.2025 18:30,30.0
12.09.2025 18:00,30.0
12.09.2025 17:30,31.0
12.09.2025 17:00,31.0
12.09.2025 16:30,32.0
12.09.2025 16:00,32.0
12.09.2025 15:30,33.0
12.09.2025 15:00,32.0
12.09.2025 14:30,31.0
12.09.2025 14:00,32.0
12.09.2025 13:30,33.0
12.09.2025 13:00,32.0
12.09.2025 12:30,31.0
12.09.2025 12:00,31.0
12.09.2025 11:30,31.0
12.09.2025 11:00,32.0
12.09.2025 10:30,32.0
12.09.2025 10:00,31.0
12.09.2025 09:30,31.0
12.09.2025 09:00,31.0
12.09.2025 08:30,30.0
12.09.2025 08:00,29.0
12.09.2025 07:30,29.0
12.09.2025 07:00,28.0
12.09.2025 06:30,28.0
12.09.2025 06:00,28.0
12.09.2025 05:30,28.0
12.09.2025 05:00,29.0
12.09.2025 04:30,28.0
12.09.2025 04:00,29.0
12.09.2025 03:30,29.0
12.09.2025 03:00,28.0
12.09.2025 02:30,28.0
12.09.2025 02:00,29.0
12.09.2025 01:30,29.0
12.09.2025 01:00,29.0
12.09.2025 00:30,29.0
12.09.2025 00:00,29.0
11.09.2025 23:30,29.0
11.09.2025 23:00,29.0
11.09.2025 22:30,29.0
11.09.2025 22:00,29.0
11.09.2025 21:30,29.0
11.09.2025 21:00,29.0
11.09.2025 20:30,29.0
11.09.2025 20:00,29.0
11.09.2025 19:30,29.0
11.09.2025 19:00,30.0
11.09.2025 18:30,30.0
11.09.2025 18:00,30.0
11.09.2025 17:30,30.0
11.09.2025 17:00,31.0
11.09.2025 16:30,32.0
11.09.2025 16:00,32.0
11.09.2025 15:30,33.0
11.09.2025 15:00,33.0
11.09.2025 14:30,32.0
11.09.2025 14:00,32.0
11.09.2025 13:30,32.0
11.09.2025 13:00,31.0
11.09.2025 12:30,32.0
11.09.2025 12:00,31.0
11.09.2025 11:30,31.0
11.09.2025 11:00,31.0
11.09.2025 10:30,30.0
11.09.2025 10:00,30.0
11.09.2025 09:30,31.0
11.09.2025 09:00,30.0
11.09.2025 08:30,30.0
11.09.2025 08:00,29.0
11.09.2025 07:30,29.0
11.09.2025 07:00,27.0
11.09.2025 06:30,27.0
11.09.2025 06:00,27.0
11.09.2025 05:30,27.0
11.09.2025 05:00,28.0
11.09.2025 04:30,28.0
11.09.2025 04:00,27.0
11.09.2025 03:30,28.0
11.09.2025 03:00,28.0
11.09.2025 02:30,28.0
11.09.2025 02:00,28.0
11.09.2025 01:30,28.0
11.09.2025 01:00,28.0
11.09.2025 00:30,29.0
11.09.2025 00:00,28.0
10.09.2025 23:30,28.0
10.09.2025 23:00,29.0
10.09.2025 22:30,28.0
10.09.2025 22:00,28.0
10.09.2025 21:30,29.0
10.09.2025 21:00,29.0
10.09.2025 20:30,29.0
10.09.2025 20:00,29.0
10.09.2025 19:30,29.0
10.09.2025 19:00,29.0
10.09.2025 18:30,29.0
10.09.2025 18:00,29.0
10.09.2025 17:30,29.0
10.09.2025 17:00,29.0
10.09.2025 16:30,29.0
10.09.2025 16:00,29.0
10.09.2025 15:30,29.0
10.09.2025 15:15,29.0
10.09.2025 15:00,29.0
10.09.2025 14:30,29.0
10.09.2025 14:23,29.0
10.09.2025 14:00,29.0
10.09.2025 13:30,29.0
10.09.2025 13:18,29.0
10.09.2025 13:00,29.0
10.09.2025 12:30,29.0
10.09.2025 12:00,31.0
10.09.2025 11:30,31.0
10.09.2025 11:00,31.0
10.09.2025 10:30,31.0
10.09.2025 10:00,31.0
10.09.2025 09:30,30.0
10.09.2025 09:00,30.0
10.09.2025 08:30,29.0
10.09.2025 08:00,29.0
10.09.2025 07:30,29.0
10.09.2025 07:00,28.0
10.09.2025 06:30,28.0
10.09.2025 06:00,28.0
10.09.2025 05:30,28.0
10.09.2025 05:00,28.0
10.09.2025 04:30,28.0
10.09.2025 04:00,28.0
10.09.2025 03:30,28.0
10.09.2025 03:00,27.0
10.09.2025 02:39,28.0
10.09.2025 02:30,28.0
10.09.2025 02:26,28.0
10.09.2025 02:00,29.0
10.09.2025 01:30,29.0
10.09.2025 01:00,29.0
10.09.2025 00:30,29.0
10.09.2025 00:00,29.0
09.09.2025 23:30,29.0
09.09.2025 23:00,29.0
09.09.2025 22:30,29.0
09.09.2025 22:00,29.0
09.09.2025 21:30,28.0
09.09.2025 21:00,29.0
09.09.2025 20:30,29.0
09.09.2025 20:00,29.0
09.09.2025 19:30,29.0
09.09.2025 19:00,29.0
09.09.2025 18:30,29.0
09.09.2025 18:00,29.0
09.09.2025 17:30,29.0
09.09.2025 17:19,29.0
09.09.2025 17:00,29.0
09.09.2025 16:30,29.0
09.09.2025 16:00,28.0
09.09.2025 15:53,27.0
09.09.2025 15:30,28.0
09.09.2025 15:19,28.0
09.09.2025 15:00,30.0
09.09.2025 14:30,30.0
09.09.2025 14:00,30.0
09.09.2025 13:30,30.0
09.09.2025 13:00,30.0
09.09.2025 12:30,30.0
09.09.2025 12:00,30.0
09.09.2025 11:40,29.0
09.09.2025 11:30,29.0
09.09.2025 11:15,29.0
09.09.2025 11:00,28.0
09.09.2025 10:56,30.0
09.09.2025 10:41,30.0
09.09.2025 10:30,30.0
09.09.2025 10:00,29.0
09.09.2025 09:30,29.0
09.09.2025 09:15,29.0
09.09.2025 09:00,29.0
09.09.2025 08:36,29.0
09.09.2025 08:30,30.0
09.09.2025 08:00,29.0
09.09.2025 07:30,29.0
09.09.2025 07:00,29.0
09.09.2025 06:30,29.0
09.09.2025 06:02,28.0
09.09.2025 06:00,29.0
09.09.2025 05:30,29.0
09.09.2025 05:00,29.0
09.09.2025 04:30,29.0
09.09.2025 04:00,29.0
09.09.2025 03:30,29.0
09.09.2025 03:00,29.0
09.09.2025 02:30,29.0
09.09.2025 02:12,28.0
09.09.2025 02:00,29.0
09.09.2025 01:30,30.0
09.09.2025 01:00,30.0
09.09.2025 00:30,30.0
09.09.2025 00:00,29.0
08.09.2025 23:30,29.0
08.09.2025 23:00,29.0
08.09.2025 22:30,29.0
08.09.2025 22:00,29.0
08.09.2025 21:30,29.0
08.09.2025 21:00,29.0
08.09.2025 20:30,28.0
08.09.2025 20:00,28.0
08.09.2025 19:30,28.0
08.09.2025 19:00,29.0
08.09.2025 18:30,29.0
08.09.2025 18:00,28.0
08.09.2025 17:55,29.0
08.09.2025 17:30,29.0
08.09.2025 17:00,29.0
08.09.2025 16:40,29.0
08.09.2025 16:30,29.0
08.09.2025 16:00,29.0
08.09.2025 15:30,29.0
08.09.2025 15:00,29.0
08.09.2025 14:46,29.0
08.09.2025 14:33,28.0
08.09.2025 14:30,29.0
08.09.2025 14:27,29.0
08.09.2025 14:12,29.0
08.09.2025 14:00,29.0
08.09.2025 13:36,29.0
08.09.2025 13:30,29.0
08.09.2025 13:12,28.0
08.09.2025 13:05,28.0
08.09.2025 13:00,28.0
08.09.2025 12:42,27.0
08.09.2025 12:36,27.0
08.09.2025 12:30,28.0
08.09.2025 12:00,28.0
08.09.2025 11:49,27.0
08.09.2025 11:30,28.0
08.09.2025 11:00,27.0
08.09.2025 10:33,27.0
08.09.2025 10:30,27.0
08.09.2025 10:25,27.0
08.09.2025 10:00,27.0
08.09.2025 09:44,27.0
08.09.2025 09:37,27.0
08.09.2025 09:30,27.0
08.09.2025 09:18,27.0
08.09.2025 09:06,27.0
08.09.2025 09:00,27.0
08.09.2025 08:51,27.0
08.09.2025 08:47,27.0
08.09.2025 08:42,27.0
08.09.2025 08:30,27.0
08.09.2025 08:24,27.0
08.09.2025 08:15,27.0
08.09.2025 08:11,27.0
08.09.2025 08:06,27.0
08.09.2025 08:00,27.0
08.09.2025 07:53,27.0
08.09.2025 07:43,27.0
08.09.2025 07:32,28.0
08.09.2025 07:30,28.0
08.09.2025 07:20,27.0
08.09.2025 07:00,28.0
08.09.2025 06:47,28.0
08.09.2025 06:30,28.0
08.09.2025 06:25,28.0
08.09.2025 06:04,27.0
08.09.2025 06:02,27.0
08.09.2025 06:00,28.0
08.09.2025 05:51,27.0
08.09.2025 05:41,27.0
08.09.2025 05:37,27.0
08.09.2025 05:33,27.0
08.09.2025 05:30,27.0
08.09.2025 05:12,27.0
08.09.2025 05:08,27.0
08.09.2025 05:06,27.0
08.09.2025 05:00,27.0
08.09.2025 04:40,26.0
08.09.2025 04:30,27.0
08.09.2025 04:26,27.0
08.09.2025 04:21,27.0
08.09.2025 04:00,27.0
08.09.2025 03:32,26.0
08.09.2025 03:30,26.0
08.09.2025 03:24,26.0
08.09.2025 03:20,26.0
08.09.2025 03:11,27.0
08.09.2025 03:00,27.0
08.09.2025 02:30,27.0
08.09.2025 02:00,26.0
08.09.2025 01:30,26.0
08.09.2025 01:09,25.0
08.09.2025 01:00,26.0
08.09.2025 00:30,27.0
08.09.2025 00:15,27.0
08.09.2025 00:00,27.0
07.09.2025 23:30,28.0
07.09.2025 23:00,28.0
07.09.2025 22:30,27.0
07.09.2025 22:00,27.0
07.09.2025 21:30,27.0
07.09.2025 21:00,26.0
07.09.2025 20:30,26.0
07.09.2025 20:15,26.0
07.09.2025 20:11,26.0
07.09.2025 20:08,26.0
07.09.2025 20:00,26.0
07.09.2025 19:38,26.0
07.09.2025 19:30,26.0
07.09.2025 19:24,26.0
07.09.2025 19:00,26.0
07.09.2025 18:50,26.0
07.09.2025 18:30,28.0
07.09.2025 18:00,28.0
07.09.2025 17:30,27.0
07.09.2025 17:00,26.0
07.09.2025 16:35,26.0
07.09.2025 16:30,26.0
07.09.2025 16:18,26.0
07.09.2025 16:08,27.0
07.09.2025 16:02,28.0
07.09.2025 16:00,30.0
07.09.2025 15:30,31.0
07.09.2025 15:00,29.0
07.09.2025 14:30,29.0
07.09.2025 14:00,30.0
07.09.2025 13:30,29.0
07.09.2025 13:00,29.0
07.09.2025 12:30,28.0
07.09.2025 12:00,27.0
07.09.2025 11:56,27.0
07.09.2025 11:38,26.0
07.09.2025 11:30,26.0
07.09.2025 11:25,27.0
07.09.2025 11:22,28.0
07.09.2025 11:11,28.0
07.09.2025 11:09,29.0
07.09.2025 11:00,29.0
07.09.2025 10:30,28.0
07.09.2025 10:26,28.0
07.09.2025 10:12,28.0
07.09.2025 10:00,28.0
07.09.2025 09:30,27.0
07.09.2025 09:00,28.0
07.09.2025 08:46,28.0
07.09.2025 08:44,28.0
07.09.2025 08:40,29.0
07.09.2025 08:30,30.0
07.09.2025 08:00,30.0
07.09.2025 07:30,30.0
07.09.2025 07:00,30.0
07.09.2025 06:30,30.0
07.09.2025 06:00,30.0
07.09.2025 05:30,30.0
07.09.2025 05:00,30.0
07.09.2025 04:30,29.0
07.09.2025 04:00,29.0
07.09.2025 03:30,29.0
07.09.2025 03:00,29.0
07.09.2025 02:30,29.0
07.09.2025 02:14,29.0
07.09.2025 02:00,28.0
07.09.2025 01:55,28.0
07.09.2025 01:30,29.0
07.09.2025 01:23,30.0
07.09.2025 01:19,31.0
07.09.2025 01:00,31.0
07.09.2025 00:30,31.0
07.09.2025 00:00,31.0
06.09.2025 23:30,31.0
06.09.2025 23:00,31.0
06.09.2025 22:30,31.0
06.09.2025 22:00,31.0
06.09.2025 21:30,31.0
06.09.2025 21:00,32.0
06.09.2025 20:30,32.0
06.09.2025 20:00,32.0
06.09.2025 19:30,32.0
06.09.2025 19:00,33.0
06.09.2025 18:30,32.0
06.09.2025 18:00,33.0
06.09.2025 17:30,33.0
06.09.2025 17:00,34.0
06.09.2025 16:30,34.0
06.09.2025 16:00,34.0
06.09.2025 15:30,35.0
06.09.2025 15:00,35.0
06.09.2025 14:30,35.0
06.09.2025 14:00,34.0
06.09.2025 13:30,34.0
06.09.2025 13:00,33.0
06.09.2025 12:30,33.0
06.09.2025 12:00,33.0
06.09.2025 11:30,33.0
06.09.2025 11:00,33.0
06.09.2025 10:30,32.0
06.09.2025 10:00,32.0
06.09.2025 09:30,31.0
06.09.2025 09:00,30.0
06.09.2025 08:30,31.0
06.09.2025 08:00,31.0
06.09.2025 07:30,30.0
06.09.2025 07:00,29.0
06.09.2025 06:30,28.0
06.09.2025 06:00,28.0
06.09.2025 05:30,29.0
06.09.2025 05:00,29.0
06.09.2025 04:30,29.0
06.09.2025 04:00,29.0
06.09.2025 03:30,29.0
06.09.2025 03:00,29.0
06.09.2025 02:30,29.0
06.09.2025 02:00,29.0
06.09.2025 01:30,30.0
06.09.2025 01:00,30.0
06.09.2025 00:30,30.0
06.09.2025 00:00,30.0
05.09.2025 23:30,31.0
05.09.2025 23:00,31.0
05.09.2025 22:30,31.0
05.09.2025 22:00,31.0
05.09.2025 21:30,31.0
05.09.2025 21:00,31.0
05.09.2025 20:30,31.0
05.09.2025 20:00,31.0
05.09.2025 19:30,31.0
05.09.2025 19:00,31.0
05.09.2025 18:30,31.0
05.09.2025 18:00,31.0
05.09.2025 17:30,32.0
05.09.2025 17:00,32.0
05.09.2025 16:30,33.0
05.09.2025 16:00,33.0
05.09.2025 15:30,34.0
05.09.2025 15:00,34.0
05.09.2025 14:30,33.0
05.09.2025 14:00,33.0
05.09.2025 13:30,33.0
05.09.2025 13:00,33.0
05.09.2025 12:30,33.0
05.09.2025 12:00,32.0
05.09.2025 11:30,32.0
05.09.2025 11:00,33.0
05.09.2025 10:30,32.0
05.09.2025 10:00,32.0
05.09.2025 09:30,31.0
05.09.2025 09:00,31.0
05.09.2025 08:30,30.0
05.09.2025 08:00,31.0
05.09.2025 07:30,30.0
05.09.2025 07:00,29.0
05.09.2025 06:30,29.0
05.09.2025 06:00,29.0
05.09.2025 05:30,29.0
05.09.2025 05:00,29.0
05.09.2025 04:30,29.0
05.09.2025 04:00,29.0
05.09.2025 03:30,29.0
05.09.2025 03:00,29.0
05.09.2025 02:30,29.0
05.09.2025 02:00,29.0
05.09.2025 01:30,29.0
05.09.2025 01:00,29.0
05.09.2025 00:30,30.0
05.09.2025 00:00,30.0
04.09.2025 23:30,30.0
04.09.2025 23:00,29.0
04.09.2025 22:30,30.0
04.09.2025 22:00,30.0
04.09.2025 21:30,30.0
04.09.2025 21:00,30.0
04.09.2025 20:30,30.0
04.09.2025 20:00,30.0
04.09.2025 19:30,30.0
04.09.2025 19:00,30.0
04.09.2025 18:30,31.0
04.09.2025 18:00,31.0
04.09.2025 17:30,32.0
04.09.2025 17:00,33.0
04.09.2025 16:30,33.0
04.09.2025 16:00,33.0
04.09.2025 15:30,34.0
04.09.2025 15:00,34.0
04.09.2025 14:30,33.0
04.09.2025 14:00,33.0
04.09.2025 13:30,33.0
04.09.2025 13:00,33.0
04.09.2025 12:30,33.0
04.09.2025 12:00,32.0
04.09.2025 11:30,32.0
04.09.2025 11:00,31.0
04.09.2025 10:30,32.0
04.09.2025 10:00,32.0
04.09.2025 09:30,32.0
04.09.2025 09:00,32.0
04.09.2025 08:30,31.0
04.09.2025 08:00,29.0
04.09.2025 07:30,29.0
04.09.2025 07:00,29.0
04.09.2025 06:30,29.0
04.09.2025 06:00,28.0
04.09.2025 05:30,29.0
04.09.2025 05:00,29.0
04.09.2025 04:30,29.0
04.09.2025 04:00,29.0
04.09.2025 03:30,29.0
04.09.2025 03:00,29.0
04.09.2025 02:30,29.0
04.09.2025 02:00,30.0
04.09.2025 01:30,30.0
04.09.2025 01:00,30.0
04.09.2025 00:30,30.0
04.09.2025 00:00,30.0
03.09.2025 23:30,30.0
03.09.2025 23:00,30.0
03.09.2025 22:30,30.0
03.09.2025 22:00,30.0
03.09.2025 21:30,30.0
03.09.2025 21:00,30.0
03.09.2025 20:30,30.0
03.09.2025 20:00,31.0
03.09.2025 19:30,31.0
03.09.2025 19:00,31.0
03.09.2025 18:30,32.0
03.09.2025 18:00,32.0
03.09.2025 17:30,32.0
03.09.2025 17:00,33.0
03.09.2025 16:30,32.0
03.09.2025 16:00,32.0
03.09.2025 15:30,31.0
03.09.2025 15:21,31.0
03.09.2025 15:00,34.0
03.09.2025 14:30,33.0
03.09.2025 14:00,33.0
03.09.2025 13:30,33.0
03.09.2025 13:00,33.0
03.09.2025 12:30,33.0
03.09.2025 12:25,32.0
03.09.2025 12:00,32.0
03.09.2025 11:30,32.0
03.09.2025 11:00,31.0
03.09.2025 10:30,31.0
03.09.2025 10:00,31.0
03.09.2025 09:30,31.0
03.09.2025 09:00,31.0
03.09.2025 08:30,31.0
03.09.2025 08:00,30.0
03.09.2025 07:30,30.0
03.09.2025 07:00,29.0
03.09.2025 06:30,29.0
03.09.2025 06:00,29.0
03.09.2025 05:30,29.0
03.09.2025 05:00,29.0
03.09.2025 04:30,29.0
03.09.2025 04:00,29.0
03.09.2025 03:30,29.0
03.09.2025 03:00,29.0
03.09.2025 02:30,29.0
03.09.2025 02:00,29.0
03.09.2025 01:30,30.0
03.09.2025 01:00,30.0
03.09.2025 00:30,29.0
03.09.2025 00:00,29.0
02.09.2025 23:30,30.0
02.09.2025 23:00,30.0
02.09.2025 22:30,30.0
02.09.2025 22:00,30.0
02.09.2025 21:30,30.0
02.09.2025 21:00,30.0
02.09.2025 20:30,30.0
02.09.2025 20:00,30.0
02.09.2025 19:30,30.0
02.09.2025 19:00,30.0
02.09.2025 18:30,31.0
02.09.2025 18:00,30.0
02.09.2025 17:30,31.0
02.09.2025 17:00,32.0
02.09.2025 16:30,32.0
02.09.2025 16:00,32.0
02.09.2025 15:30,32.0
02.09.2025 15:00,31.0
02.09.2025 14:30,31.0
02.09.2025 14:00,32.0
02.09.2025 13:30,33.0
02.09.2025 13:22,32.0
02.09.2025 13:02,34.0
02.09.2025 13:00,33.0
02.09.2025 12:30,33.0
02.09.2025 12:00,33.0
02.09.2025 11:30,34.0
02.09.2025 11:00,33.0
02.09.2025 10:30,33.0
02.09.2025 10:00,32.0
02.09.2025 09:30,30.0
02.09.2025 09:00,31.0
02.09.2025 08:30,31.0
02.09.2025 08:00,30.0
02.09.2025 07:30,30.0
02.09.2025 07:00,29.0
02.09.2025 06:30,29.0
02.09.2025 06:00,28.0
02.09.2025 05:30,28.0
02.09.2025 05:00,28.0
02.09.2025 04:30,28.0
02.09.2025 04:00,29.0
02.09.2025 03:30,29.0
02.09.2025 03:00,29.0
02.09.2025 02:30,29.0
02.09.2025 02:00,29.0
02.09.2025 01:30,29.0
02.09.2025 01:00,29.0
02.09.2025 00:30,29.0
02.09.2025 00:00,29.0
01.09.2025 23:30,29.0
01.09.2025 23:00,29.0
01.09.2025 22:30,30.0
01.09.2025 22:00,29.0
01.09.2025 21:30,30.0
01.09.2025 21:00,30.0
01.09.2025 20:30,30.0
01.09.2025 20:00,30.0
01.09.2025 19:30,30.0
01.09.2025 19:00,30.0
01.09.2025 18:30,30.0
01.09.2025 18:00,31.0
01.09.2025 17:30,31.0
01.09.2025 17:00,33.0
01.09.2025 16:30,32.0
01.09.2025 16:00,32.0
01.09.2025 15:30,32.0
01.09.2025 15:00,33.0
01.09.2025 14:30,33.0
01.09.2025 14:00,33.0
01.09.2025 13:30,32.0
01.09.2025 13:00,31.0
01.09.2025 12:30,32.0
01.09.2025 12:00,32.0
01.09.2025 11:30,32.0
01.09.2025 11:00,33.0
01.09.2025 10:30,32.0
01.09.2025 10:00,32.0
01.09.2025 09:30,31.0
01.09.2025 09:00,31.0
01.09.2025 08:30,30.0
01.09.2025 08:00,30.0
01.09.2025 07:30,29.0
01.09.2025 07:00,28.0
01.09.2025 06:30,28.0
01.09.2025 06:00,28.0
01.09.2025 05:30,28.0
01.09.2025 05:00,28.0
01.09.2025 04:30,28.0
01.09.2025 04:00,29.0
01.09.2025 03:30,29.0
01.09.2025 03:00,29.0
01.09.2025 02:30,29.0
01.09.2025 02:00,29.0
01.09.2025 01:30,29.0
01.09.2025 01:00,29.0
01.09.2025 00:30,29.0
01.09.2025 00:00,29.0
31.08.2025 23:30,29.0
31.08.2025 23:00,29.0
31.08.2025 22:30,29.0
31.08.2025 22:00,29.0
31.08.2025 21:30,30.0
31.08.2025 21:00,30.0
31.08.2025 20:30,30.0
31.08.2025 20:00,30.0
31.08.2025 19:30,30.0
31.08.2025 19:00,30.0
31.08.2025 18:30,31.0
31.08.2025 18:00,32.0
31.08.2025 17:30,32.0
31.08.2025 17:00,32.0
31.08.2025 16:30,33.0
31.08.2025 16:00,33.0
31.08.2025 15:30,34.0
31.08.2025 15:00,34.0
31.08.2025 14:30,34.0
31.08.2025 14:00,34.0
31.08.2025 13:30,34.0
31.08.2025 13:00,33.0
31.08.2025 12:30,33.0
31.08.2025 12:00,32.0
31.08.2025 11:30,33.0
31.08.2025 11:00,33.0
31.08.2025 10:30,32.0
31.08.2025 10:00,32.0
31.08.2025 09:30,31.0
31.08.2025 09:00,30.0
31.08.2025 08:30,29.0
31.08.2025 08:00,29.0
31.08.2025 07:30,29.0
31.08.2025 07:00,29.0
31.08.2025 06:30,28.0
31.08.2025 06:00,28.0
31.08.2025 05:30,28.0
31.08.2025 05:00,28.0
31.08.2025 04:30,28.0
31.08.2025 04:00,28.0
31.08.2025 03:30,28.0
31.08.2025 03:00,28.0
31.08.2025 02:30,28.0
31.08.2025 02:00,28.0
31.08.2025 01:30,28.0
31.08.2025 01:00,29.0
31.08.2025 00:30,29.0
31.08.2025 00:00,29.0
30.08.2025 23:30,29.0
30.08.2025 23:00,29.0
30.08.2025 22:30,29.0
30.08.2025 22:00,29.0
30.08.2025 21:30,29.0
30.08.2025 21:00,29.0
30.08.2025 20:30,29.0
30.08.2025 20:00,29.0
30.08.2025 19:30,30.0
30.08.2025 19:00,30.0
30.08.2025 18:30,30.0
30.08.2025 18:00,31.0
30.08.2025 17:30,31.0
30.08.2025 17:00,32.0
30.08.2025 16:30,32.0
30.08.2025 16:00,32.0
30.08.2025 15:30,32.0
30.08.2025 15:00,30.0
30.08.2025 14:30,29.0
30.08.2025 14:00,29.0
30.08.2025 13:30,31.0
30.08.2025 13:00,32.0
30.08.2025 12:30,32.0
30.08.2025 12:00,33.0
30.08.2025 11:30,32.0
30.08.2025 11:00,32.0
30.08.2025 10:30,32.0
30.08.2025 10:00,31.0
30.08.2025 09:30,31.0
30.08.2025 09:00,31.0
30.08.2025 08:30,30.0
30.08.2025 08:00,30.0
30.08.2025 07:30,30.0
30.08.2025 07:00,30.0
30.08.2025 06:30,29.0
30.08.2025 06:00,29.0
30.08.2025 05:30,29.0
30.08.2025 05:00,30.0
30.08.2025 04:30,30.0
30.08.2025 04:00,30.0
30.08.2025 03:30,30.0
30.08.2025 03:00,30.0
30.08.2025 02:30,30.0
30.08.2025 02:00,30.0
30.08.2025 01:30,30.0
30.08.2025 01:00,30.0
30.08.2025 00:30,30.0
30.08.2025 00:00,30.0
29.08.2025 23:30,30.0
29.08.2025 23:00,30.0
29.08.2025 22:30,30.0
29.08.2025 22:00,30.0
29.08.2025 21:30,30.0
29.08.2025 21:00,30.0
29.08.2025 20:30,30.0
29.08.2025 20:00,30.0
29.08.2025 19:30,31.0
29.08.2025 19:00,31.0
29.08.2025 18:30,31.0
29.08.2025 18:00,31.0
29.08.2025 17:30,32.0
29.08.2025 17:00,33.0
29.08.2025 16:30,33.0
29.08.2025 16:00,34.0
29.08.2025 15:30,34.0
29.08.2025 15:00,34.0
29.08.2025 14:30,34.0
29.08.2025 14:00,35.0
29.08.2025 13:30,34.0
29.08.2025 13:00,35.0
29.08.2025 12:30,34.0
29.08.2025 12:00,34.0
29.08.2025 11:30,34.0
29.08.2025 11:00,34.0
29.08.2025 10:30,33.0
29.08.2025 10:00,33.0
29.08.2025 09:30,33.0
29.08.2025 09:00,33.0
29.08.2025 08:30,32.0
29.08.2025 08:00,31.0
29.08.2025 07:30,31.0
29.08.2025 07:00,30.0
29.08.2025 06:30,30.0
29.08.2025 06:00,30.0
29.08.2025 05:30,30.0
29.08.2025 05:00,29.0
29.08.2025 04:30,29.0
29.08.2025 04:00,30.0
29.08.2025 03:30,29.0
29.08.2025 03:00,30.0
29.08.2025 02:30,30.0
29.08.2025 02:00,30.0
29.08.2025 01:30,30.0
29.08.2025 01:00,31.0
29.08.2025 00:30,30.0
29.08.2025 00:00,30.0
28.08.2025 23:30,30.0
28.08.2025 23:00,30.0
28.08.2025 22:30,30.0
28.08.2025 22:00,30.0
28.08.2025 21:30,30.0
28.08.2025 21:00,30.0
28.08.2025 20:30,30.0
28.08.2025 20:00,30.0
28.08.2025 19:30,31.0
28.08.2025 19:00,31.0
28.08.2025 18:30,31.0
28.08.2025 18:00,31.0
28.08.2025 17:30,31.0
28.08.2025 17:00,31.0
28.08.2025 16:30,31.0
28.08.2025 16:00,31.0
28.08.2025 15:30,32.0
28.08.2025 15:00,31.0
28.08.2025 14:30,32.0
28.08.2025 14:00,31.0
28.08.2025 13:30,31.0
28.08.2025 13:00,31.0
28.08.2025 12:30,31.0
28.08.2025 12:00,30.0
28.08.2025 11:30,30.0
28.08.2025 11:00,30.0
28.08.2025 10:30,30.0
28.08.2025 10:00,29.0
28.08.2025 09:30,29.0
28.08.2025 09:00,29.0
28.08.2025 08:30,29.0
28.08.2025 08:00,29.0
28.08.2025 07:30,28.0
28.08.2025 07:00,28.0
28.08.2025 06:30,28.0
28.08.2025 06:00,28.0
28.08.2025 05:30,28.0
28.08.2025 05:00,28.0
28.08.2025 04:30,28.0
28.08.2025 04:00,28.0
28.08.2025 03:30,28.0
28.08.2025 03:00,28.0
28.08.2025 02:30,28.0
28.08.2025 02:00,29.0
28.08.2025 01:30,29.0
28.08.2025 01:00,29.0
28.08.2025 00:30,28.0
28.08.2025 00:00,29.0
27.08.2025 23:30,29.0
27.08.2025 23:00,29.0
27.08.2025 22:30,29.0
27.08.2025 22:00,29.0
27.08.2025 21:30,29.0
27.08.2025 21:00,30.0
27.08.2025 20:30,30.0
27.08.2025 20:00,31.0
27.08.2025 19:30,30.0
27.08.2025 19:00,31.0
27.08.2025 18:30,31.0
27.08.2025 18:00,31.0
27.08.2025 17:30,31.0
27.08.2025 17:00,32.0
27.08.2025 16:38,32.0
27.08.2025 16:30,32.0
27.08.2025 16:00,32.0
27.08.2025 15:30,32.0
27.08.2025 15:22,32.0
27.08.2025 15:00,33.0
27.08.2025 14:30,32.0
27.08.2025 14:00,31.0
27.08.2025 13:30,31.0
27.08.2025 13:00,31.0
27.08.2025 12:41,32.0
27.08.2025 12:30,32.0
27.08.2025 12:00,32.0
27.08.2025 11:30,33.0
27.08.2025 11:00,32.0
27.08.2025 10:30,32.0
27.08.2025 10:00,31.0
27.08.2025 09:30,31.0
27.08.2025 09:00,30.0
27.08.2025 08:30,30.0
27.08.2025 08:00,29.0
27.08.2025 07:30,29.0
27.08.2025 07:00,28.0
27.08.2025 06:30,28.0
27.08.2025 06:00,28.0
27.08.2025 05:30,28.0
27.08.2025 05:00,28.0
27.08.2025 04:30,28.0
27.08.2025 04:00,28.0
27.08.2025 03:30,29.0
27.08.2025 03:00,29.0
27.08.2025 02:30,29.0
27.08.2025 02:00,29.0
27.08.2025 01:30,29.0
27.08.2025 01:00,30.0
27.08.2025 00:30,30.0
27.08.2025 00:00,30.0
